{
  "description": "Parameter-sensitivity of shared-manifold inter-chamber cross-talk.",
  "default_params": {
    "R_s": 200000000.0,
    "R_v": 800000000.0,
    "R_l": 8000000000.0,
    "C_m": 5e-12,
    "n_chambers": 3
  },
  "default_coupling": 0.06321031037304142,
  "probe": {
    "freq_hz": 2.0,
    "depth": 0.1,
    "driven": 0,
    "neighbor": 1
  },
  "sweep_multiplier": [
    0.25,
    0.2992,
    0.3581,
    0.4286,
    0.513,
    0.614,
    0.7349,
    0.8795,
    1.0527,
    1.2599,
    1.508,
    1.8048,
    2.1601,
    2.5854,
    3.0943,
    3.7035,
    4.4326,
    5.3052,
    6.3496,
    7.5996,
    9.0957,
    10.8863,
    13.0294,
    15.5945,
    18.6645,
    22.3388,
    26.7365,
    32.0
  ],
  "coupling_vs_multiplier": {
    "R_s": [
      0.01705790875528724,
      0.020312045611886907,
      0.024165624113604366,
      0.028715470011074454,
      0.03407434900442223,
      0.04036254115088565,
      0.0477201932134078,
      0.05627308983601064,
      0.06618573132755162,
      0.07757652034409415,
      0.09057099896255551,
      0.10525054457670001,
      0.12166613744042058,
      0.13978931655450044,
      0.15949828020488768,
      0.1806110338186028,
      0.2027973044149519,
      0.22569302711095227,
      0.24884552066659435,
      0.2717594614336155,
      0.2939701257561199,
      0.3150698114414421,
      0.33473722914924303,
      0.3527618977738017,
      0.3690254823124501,
      0.3835269520441392,
      0.39628085961530757,
      0.40733262242889373
    ],
    "C_m": [
      0.06326108871038995,
      0.06325806645413626,
      0.06325618042201371,
      0.06324932986754901,
      0.0632442244123313,
      0.06323754127408494,
      0.06322877146661451,
      0.06321874358906888,
      0.063206528783905,
      0.06319042906241679,
      0.0631711141383007,
      0.06314579381274549,
      0.06311160674258146,
      0.06308329972722251,
      0.06304258036019522,
      0.0629888068792717,
      0.06291422632028734,
      0.06282405210667974,
      0.06271679218629998,
      0.06256719947049154,
      0.06237925253829654,
      0.06212760636342709,
      0.06180542308786211,
      0.06137839781503165,
      0.06081214621152539,
      0.06006885909214186,
      0.05910165626382151,
      0.057830923774733194
    ],
    "R_v": [
      0.07358945080745158,
      0.07285565729050829,
      0.07198506958568873,
      0.07095010265225327,
      0.06974015320787588,
      0.06831903714926481,
      0.06666154316290537,
      0.06474882106899443,
      0.06255036415947236,
      0.060058957436822075,
      0.05726000215215807,
      0.054175462270327886,
      0.05081977344534478,
      0.047235223336032986,
      0.04349036554737051,
      0.03965294310172103,
      0.03580434027688125,
      0.03202846447775306,
      0.028401193803094645,
      0.024976398268516577,
      0.02180487313163317,
      0.018911198057745736,
      0.016306718371800488,
      0.013991299627876978,
      0.01195338024510429,
      0.010176432146032687,
      0.008636133475626034,
      0.007311057175409131
    ]
  },
  "thresholds": [
    0.1,
    0.2
  ],
  "softness_multiplier_at_threshold": {
    "R_s": {
      "0.10": 1.6924673823650433,
      "0.20": 4.3332951330668275
    },
    "C_m": {
      "0.10": null,
      "0.20": null
    }
  },
  "monotonic_increase_with_supply_softness": true,
  "corrector_check_static_vs_dynamic": {
    "R_s_x1": {
      "static_kappa_rmse": 0.1722726219273213,
      "dynamic_kappa_rmse": 1.0423427304175508,
      "dynamic_improvement": -5.05054197675877,
      "coupling": 0.06321031037304142
    },
    "R_s_x4": {
      "static_kappa_rmse": 0.16546899798958697,
      "dynamic_kappa_rmse": 0.7068241075710328,
      "dynamic_improvement": -3.2716407070738014,
      "coupling": 0.19000688916484768
    },
    "R_s_x16": {
      "static_kappa_rmse": 0.2020186244149911,
      "dynamic_kappa_rmse": 0.35070691972403073,
      "dynamic_improvement": -0.7360128094110812,
      "coupling": 0.3551978680494715
    }
  }
}